instance_id,question,mention_context,gold_mention,gold_cui
squad_0,On which corner is the shopping center located?,"On which corner is the shopping center located? While many homes in the neighborhood date back to the 1930s or before, the neighborhood is also home to several public housing developments built between the 1960s and 1990s by the Fresno Housing Auth",Fresno and B streets,QA_ANSWER
squad_1,What is the comparison in price between Australian private schools versus public?,"What is the comparison in price between Australian private schools versus public? Private schools in Australia may be favoured for many reasons: prestige and the social status of the 'old school tie'; better quality physical infrastructure and more facilities (e.g. playing fields, ",more expensive,QA_ANSWER
squad_2,What is the minimum distance between a patient's home and the nearest pharmacy that allows a physician to give out medication?,"What is the minimum distance between a patient's home and the nearest pharmacy that allows a physician to give out medication? In some rural areas in the United Kingdom, there are dispensing physicians who are allowed to both prescribe and dispense prescription-only medicines to their patients from within their practices. The",1.6 kilometres,QA_ANSWER
squad_3,When did BSkyB launch it's HDTV service?,"When did BSkyB launch it's HDTV service? BSkyB launched its HDTV service, Sky+ HD, on 22 May 2006. Prior to its launch, BSkyB claimed that 40,000 people had registered to receive the HD service. In the week before the launch, rumours started",22 May 2006,QA_ANSWER
squad_4,When did the origins of magnetic and electric fields occur?,"When did the origins of magnetic and electric fields occur? The origin of electric and magnetic fields would not be fully explained until 1864 when James Clerk Maxwell unified a number of earlier theories into a set of 20 scalar equations, which were later ref",1864,QA_ANSWER
squad_5,Turtles and jellyfish can eat large quantities of what?,"Turtles and jellyfish can eat large quantities of what? Ctenophores used to be regarded as ""dead ends"" in marine food chains because it was thought their low ratio of organic matter to salt and water made them a poor diet for other animals. It is also ofte","ctenophores,",QA_ANSWER
squad_6,What is the average construction salary in the Middle East?,"What is the average construction salary in the Middle East? In 2010 a salary survey revealed the differences in remuneration between different roles, sectors and locations in the construction and built environment industry. The results showed that areas of par","£42,090",QA_ANSWER
squad_7,When was Geegen the emperor?,"When was Geegen the emperor? Emperor Gegeen Khan, Ayurbarwada's son and successor, ruled for only two years, from 1321 to 1323. He continued his father's policies to reform the government based on the Confucian principles, with t",1321 to 1323,QA_ANSWER
squad_8,At what point does oxygen toxicity begin to happen?,"At what point does oxygen toxicity begin to happen? Oxygen gas (O
2) can be toxic at elevated partial pressures, leading to convulsions and other health problems.[j] Oxygen toxicity usually begins to occur at partial pressures more than 50 kilopascals ",50 kilopascals,QA_ANSWER
squad_9,How is unregistered property held in informal form?,How is unregistered property held in informal form? In many poor and developing countries much land and housing is held outside the formal or legal property ownership registration system. Much unregistered property is held in informal form through vari,through various associations and other arrangements,QA_ANSWER
squad_10,What does the substitution of equipment for labor raise for workers?,"What does the substitution of equipment for labor raise for workers? In Marxian analysis, capitalist firms increasingly substitute capital equipment for labor inputs (workers) under competitive pressure to reduce costs and maximize profits. Over the long-term, this tre",productivity,QA_ANSWER
squad_11,What style were the mass constructed residential blocks designed in?,"What style were the mass constructed residential blocks designed in? Warsaw's mixture of architectural styles reflects the turbulent history of the city and country. During the Second World War, Warsaw was razed to the ground by bombing raids and planned destruction. A",typical of Eastern bloc countries,QA_ANSWER
squad_12,What is the land area of Jacksonville?,"What is the land area of Jacksonville? According to the United States Census Bureau, the city has a total area of 874.3 square miles (2,264 km2), making Jacksonville the largest city in land area in the contiguous United States; of this, 8",874.3 square miles,QA_ANSWER
squad_13,What is the famous rock called that the Rhine flows around?,What is the famous rock called that the Rhine flows around? The dominant economic sectors in the Middle Rhine area are viniculture and tourism. The Rhine Gorge between Rüdesheim am Rhein and Koblenz is listed as a UNESCO World Heritage Site. Near Sankt Goarsha,Lorelei,QA_ANSWER
squad_14,Which theorem can be simplified to the Lasker–Noether theorem?,"Which theorem can be simplified to the Lasker–Noether theorem? In ring theory, the notion of number is generally replaced with that of ideal. Prime ideals, which generalize prime elements in the sense that the principal ideal generated by a prime element is a pri",The fundamental theorem of arithmetic,QA_ANSWER
squad_15,What did the Apple system assign automatically ,What did the Apple system assign automatically  AppleTalk was a proprietary suite of networking protocols developed by Apple Inc. in 1985 for Apple Macintosh computers. It was the primary protocol used by Apple devices through the 1980s and 90s. Ap,"automatically assigned addresses, updated the distributed namespace, and configured any required inter-network routing",QA_ANSWER
squad_16,What happened with the ground water level with the Rhine straightening program?,What happened with the ground water level with the Rhine straightening program? The Upper Rhine region was changed significantly by a Rhine straightening program in the 19th Century. The rate of flow was increased and the ground water level fell significantly. Dead branches dried,fell significantly,QA_ANSWER
squad_17,Dendritic cells present antigens to what cells of the adaptive nervous system?,"Dendritic cells present antigens to what cells of the adaptive nervous system? Dendritic cells (DC) are phagocytes in tissues that are in contact with the external environment; therefore, they are located mainly in the skin, nose, lungs, stomach, and intestines. They are named f",T cells,QA_ANSWER
squad_18,How much of the Rhine flow does Ijssel carry?,How much of the Rhine flow does Ijssel carry? The other third of the water flows through the Pannerdens Kanaal and redistributes in the IJssel and Nederrijn. The IJssel branch carries one ninth of the water flow of the Rhine north into the IJssel,one ninth,QA_ANSWER
squad_19,How long ago did oxygen reach 10% of its present level?,"How long ago did oxygen reach 10% of its present level? Free oxygen gas was almost nonexistent in Earth's atmosphere before photosynthetic archaea and bacteria evolved, probably about 3.5 billion years ago. Free oxygen first appeared in significant quantit",1.7 billion years ago,QA_ANSWER
squad_20,What consequence of establishing the Scottish Parliament applies to Scottish MPs sitting in the UK House of Commons?,"What consequence of establishing the Scottish Parliament applies to Scottish MPs sitting in the UK House of Commons? A procedural consequence of the establishment of the Scottish Parliament is that Scottish MPs sitting in the UK House of Commons are able to vote on domestic legislation that applies only to England, ","able to vote on domestic legislation that applies only to England, Wales and Northern Ireland",QA_ANSWER
squad_21,"In May 2002, where would you go to address the Parliament?","In May 2002, where would you go to address the Parliament? Whilst the permanent building at Holyrood was being constructed, the Parliament's temporary home was the General Assembly Hall of the Church of Scotland on the Royal Mile in Edinburgh. Official photog",University of Aberdeen,QA_ANSWER
squad_22,What is the world's busiest general aviation airport?,"What is the world's busiest general aviation airport? Southern California is home to Los Angeles International Airport, the second-busiest airport in the United States by passenger volume (see World's busiest airports by passenger traffic) and the third ",Van Nuys Airport,QA_ANSWER
squad_23,When did Barton and Whitfield demand climate research records?,"When did Barton and Whitfield demand climate research records? On 23 June 2005, Rep. Joe Barton, chairman of the House Committee on Energy and Commerce wrote joint letters with Ed Whitfield, Chairman of the Subcommittee on Oversight and Investigations demanding f",23 June 2005,QA_ANSWER
squad_24,AC and NC are complexity classes typically associated with what type of circuit?,"AC and NC are complexity classes typically associated with what type of circuit? Other important complexity classes include BPP, ZPP and RP, which are defined using probabilistic Turing machines; AC and NC, which are defined using Boolean circuits; and BQP and QMA, which are defin",Boolean,QA_ANSWER
squad_25,"After the operators are warned by the escape of the steam, what may they then do?","After the operators are warned by the escape of the steam, what may they then do? Lead fusible plugs may be present in the crown of the boiler's firebox. If the water level drops, such that the temperature of the firebox crown increases significantly, the lead melts and the steam e",manually suppress the fire,QA_ANSWER
squad_26,Where was the Charles Porter steam engine indicator shown?,"Where was the Charles Porter steam engine indicator shown? The most useful instrument for analyzing the performance of steam engines is the steam engine indicator. Early versions were in use by 1851, but the most successful indicator was developed for the hig",London Exhibition,QA_ANSWER
squad_27,How did Natives in Logstown take Celeron's information?,"How did Natives in Logstown take Celeron's information? When Céloron's expedition arrived at Logstown, the Native Americans in the area informed Céloron that they owned the Ohio Country and that they would trade with the British regardless of the French. C",informed Céloron that they owned the Ohio Country and that they would trade with the British regardless of the French,QA_ANSWER
squad_28,What was the name of the approved measure that helped cover the cost of major city projects?,"What was the name of the approved measure that helped cover the cost of major city projects? When a consolidation referendum was held in 1967, voters approved the plan. On October 1, 1968, the governments merged to create the Consolidated City of Jacksonville. Fire, police, health & welfare, ",Better Jacksonville Plan,QA_ANSWER
squad_29,What is the position of the satellite that allowed sky to broadcast channels almost elclusively for the United Kingdom?,"What is the position of the satellite that allowed sky to broadcast channels almost elclusively for the United Kingdom? When Sky Digital was launched in 1998 the new service used the Astra 2A satellite which was located at the 28.5°E orbital position, unlike the analogue service which was broadcast from 19.2°E. This wa",28.5°E,QA_ANSWER
squad_30,Haeckelia prey mostly on what animal?,"Haeckelia prey mostly on what animal? Almost all ctenophores are predators – there are no vegetarians and only one genus that is partly parasitic. If food is plentiful, they can eat 10 times their own weight per day. While Beroe preys mai",jellyfish,QA_ANSWER
squad_31,What did historians do in the absence of census figures?,"What did historians do in the absence of census figures? In England, in the absence of census figures, historians propose a range of preincident population figures from as high as 7 million to as low as 4 million in 1300, and a postincident population figur",propose a range of preincident population figures from as high as 7 million to as low as 4 million,QA_ANSWER
squad_32,How many mechanisms does a typical steam engine have to keep boiler pressure from getting too high?,"How many mechanisms does a typical steam engine have to keep boiler pressure from getting too high? Steam engines frequently possess two independent mechanisms for ensuring that the pressure in the boiler does not go too high; one may be adjusted by the user, the second is typically designed as an u",two,QA_ANSWER
squad_33,Why does the Rhine water fall into depths at the Rheinbrech?,"Why does the Rhine water fall into depths at the Rheinbrech? The flow of cold, gray mountain water continues for some distance into the lake. The cold water flows near the surface and at first doesn't mix with the warmer, green waters of Upper Lake. But then, a",greater density of cold water,QA_ANSWER
squad_34,After the Peterloo massacre what poet wrote The Massacre of Anarchy?,"After the Peterloo massacre what poet wrote The Massacre of Anarchy? Following the Peterloo massacre of 1819, poet Percy Shelley wrote the political poem The Mask of Anarchy later that year, that begins with the images of what he thought to be the unjust forms of autho",Percy Shelley,QA_ANSWER
squad_35,Where is the oldest known rock in the world located?,"Where is the oldest known rock in the world located? All of these processes do not necessarily occur in a single environment, and do not necessarily occur in a single order. The Hawaiian Islands, for example, consist almost entirely of layered basaltic ",Slave craton in northwestern Canada,QA_ANSWER
squad_36,The mother of which emperor was a concubine?,"The mother of which emperor was a concubine? Since its invention in 1269, the 'Phags-pa script, a unified script for spelling Mongolian, Tibetan, and Chinese languages, was preserved in the court until the end of the dynasty. Most of the Emperor",Tugh Temur,QA_ANSWER
squad_37,"After 1945, what challenged the French empire?","After 1945, what challenged the French empire? In World War II, Charles de Gaulle and the Free French used the overseas colonies as bases from which they fought to liberate France. However after 1945 anti-colonial movements began to challenge the ",anti-colonial movements,QA_ANSWER
squad_38,What type of outlook do some of the Muslims in London have?,"What type of outlook do some of the Muslims in London have? Greater London has over 900,000 Muslims, (most of South Asian origins and concentrated in the East London boroughs of Newham, Tower Hamlets and Waltham Forest), and among them are some with a strong I",strong Islamist,QA_ANSWER
squad_39,What did the Works Council Directive require?,"What did the Works Council Directive require? Following the election of the UK Labour Party to government in 1997, the UK formally subscribed to the Agreement on Social Policy, which allowed it to be included with minor amendments as the Social C",workforce consultation in businesses,QA_ANSWER
squad_40,What type of radar was used to classify trees into four categories?,"What type of radar was used to classify trees into four categories? To accurately map the Amazon's biomass and subsequent carbon related emissions, the classification of tree growth stages within different parts of the forest is crucial. In 2006 Tatiana Kuplich organi",Synthetic aperture radar (SAR),QA_ANSWER
squad_41,At what degree are the pistons of a two-cylinder compound connected to the cranks?,"At what degree are the pistons of a two-cylinder compound connected to the cranks? With two-cylinder compounds used in railway work, the pistons are connected to the cranks as with a two-cylinder simple at 90° out of phase with each other (quartered). When the double expansion group",90,QA_ANSWER
squad_42,What can curtail the risk of occupational injuries in the construction industry?,"What can curtail the risk of occupational injuries in the construction industry? Construction is one of the most dangerous occupations in the world, incurring more occupational fatalities than any other sector in both the United States and in the European Union. In 2009, the fatal",Proper safety equipment such as harnesses and guardrails and procedures such as securing ladders and inspecting scaffolding,QA_ANSWER
squad_43,What did the Gulf War inadvertently do in the early 1990s?,"What did the Gulf War inadvertently do in the early 1990s? Another factor in the early 1990s that worked to radicalize the Islamist movement was the Gulf War, which brought several hundred thousand US and allied non-Muslim military personnel to Saudi Arabian ",worked to radicalize the Islamist movement,QA_ANSWER
squad_44,With what European country did the Huguenots feel kinship for emigration to?,"With what European country did the Huguenots feel kinship for emigration to? Stadtholder William III of Orange, who later became King of England, emerged as the strongest opponent of king Louis XIV after the French attacked the Dutch Republic in 1672. William formed the League",Dutch Republic,QA_ANSWER
squad_45,"Outside of national recognition, what other kind of recognition do some of the cities get?","Outside of national recognition, what other kind of recognition do some of the cities get? Southern California is divided culturally, politically, and economically into distinctive regions, each containing its own culture and atmosphere, anchored usually by a city with both national and som",global,QA_ANSWER
squad_46,What is the process by which the antigen/antibody complex is processed in to peptides?,What is the process by which the antigen/antibody complex is processed in to peptides? A B cell identifies pathogens when antibodies on its surface bind to a specific foreign antigen. This antigen/antibody complex is taken up by the B cell and processed by proteolysis into peptides. The,proteolysis,QA_ANSWER
squad_47,Microplates squeezing and rotating created the features of what?,"Microplates squeezing and rotating created the features of what? In southern Europe, the stage was set in the Triassic Period of the Mesozoic Era, with the opening of the Tethys Ocean, between the Eurasian and African tectonic plates, between about 240 MBP and 220 ",Mediterranean geography,QA_ANSWER
squad_48,Who wrote the poem The Mark of Anarchy?,"Who wrote the poem The Mark of Anarchy? Following the Peterloo massacre of 1819, poet Percy Shelley wrote the political poem The Mask of Anarchy later that year, that begins with the images of what he thought to be the unjust forms of autho",Percy Shelley,QA_ANSWER
squad_49,Los Angeles is in the lower part of what?,"Los Angeles is in the lower part of what? Though there is no official definition for the northern boundary of southern California, such a division has existed from the time when Mexico ruled California, and political disputes raged between th",Alta California,QA_ANSWER
squad_50,US is concerned about confrontation of the Middle East with which other country?,"US is concerned about confrontation of the Middle East with which other country? In the United States, scholars argue that there already existed a negotiated settlement based on equality between both parties prior to 1973. The possibility that the Middle East could become another ",USSR,QA_ANSWER
squad_51,What word is the word pharmacy taken from?,"What word is the word pharmacy taken from? The word pharmacy is derived from its root word pharma which was a term used since the 15th–17th centuries. However, the original Greek roots from pharmakos imply sorcery or even poison. In addition t",its root word pharma,QA_ANSWER
squad_52,A satellite that measured the amount of dust going to the Amazon was named what?,"A satellite that measured the amount of dust going to the Amazon was named what? NASA's CALIPSO satellite has measured the amount of dust transported by wind from the Sahara to the Amazon: an average 182 million tons of dust are windblown out of the Sahara each year, at 15 degrees",CALIPSO,QA_ANSWER
squad_53,Vaccination exploits what feature of the human immune system in order to be successful?,"Vaccination exploits what feature of the human immune system in order to be successful? Long-term active memory is acquired following infection by activation of B and T cells. Active immunity can also be generated artificially, through vaccination. The principle behind vaccination (also ",natural specificity of the immune system,QA_ANSWER
squad_54,How long has Proportionality been recognized as one of the general principles of EU law?,How long has Proportionality been recognized as one of the general principles of EU law? Proportionality is recognised one of the general principles of European Union law by the European Court of Justice since the 1950s. According to the general principle of proportionality the lawfulness,since the 1950s,QA_ANSWER
squad_55,What type of math was advanced during the Yuan?,What type of math was advanced during the Yuan? Advances in polynomial algebra were made by mathematicians during the Yuan era. The mathematician Zhu Shijie (1249–1314) solved simultaneous equations with up to four unknowns using a rectangular arra,polynomial algebra,QA_ANSWER
squad_56,What country did the Rhine continue to rise during the holocene?,"What country did the Rhine continue to rise during the holocene? At the begin of the Holocene (~11,700 years ago), the Rhine occupied its Late-Glacial valley. As a meandering river, it reworked its ice-age braidplain. As sea-level continued to rise in the Netherlan",Netherlands,QA_ANSWER
squad_57,What signer of the Articles of Confederation was descended from Huguenots?,"What signer of the Articles of Confederation was descended from Huguenots? Paul Revere was descended from Huguenot refugees, as was Henry Laurens, who signed the Articles of Confederation for South Carolina; Jack Jouett, who made the ride from Cuckoo Tavern to warn Thomas Je",Henry Laurens,QA_ANSWER
squad_58,The university agreed to grant a degree to any graduate of affiliate schoos that did what?,"The university agreed to grant a degree to any graduate of affiliate schoos that did what? In the 1890s, the University of Chicago, fearful that its vast resources would injure smaller schools by drawing away good students, affiliated with several regional colleges and universities: Des Moi",made a grade of A for all four years,QA_ANSWER
squad_59,What did Thoreau ask a public figure the taxman to do?,"What did Thoreau ask a public figure the taxman to do? However, this definition is disputed by Thoreau's political philosophy pitching the conscience vs. the collective. The individual is the final judge of right and wrong. More than this, since only indi",Resign,QA_ANSWER
squad_60,What is the name of the property that designates a number as being prime or not?,What is the name of the property that designates a number as being prime or not? The property of being prime (or not) is called primality. A simple but slow method of verifying the primality of a given number n is known as trial division. It consists of testing whether n is a mult,primality,QA_ANSWER
squad_61,What is the scenario called in which we don't change our greenhouse gas creation practices?,What is the scenario called in which we don't change our greenhouse gas creation practices? The executive summary of the WG I Summary for Policymakers report says they are certain that emissions resulting from human activities are substantially increasing the atmospheric concentrations of th,"""business as usual"" (BAU)",QA_ANSWER
squad_62,Who was famous for disobedience against a tax collector?,"Who was famous for disobedience against a tax collector? However, this definition is disputed by Thoreau's political philosophy pitching the conscience vs. the collective. The individual is the final judge of right and wrong. More than this, since only indi",Thoreau,QA_ANSWER
squad_63,"Economy, Energy and Tourism is one of the what?","Economy, Energy and Tourism is one of the what? Subject Committees are established at the beginning of each parliamentary session, and again the members on each committee reflect the balance of parties across Parliament. Typically each committee co",current Subject Committees,QA_ANSWER
squad_64,"Which two importers claimed that under a French competition law, they were prevented from selling Picon beer under wholesale price?","Which two importers claimed that under a French competition law, they were prevented from selling Picon beer under wholesale price? In contrast to product requirements or other laws that hinder market access, the Court of Justice developed a presumption that ""selling arrangements"" would be presumed to not fall into TFEU article 34",Keck and Mithouard,QA_ANSWER
squad_65,What is the weather type of Mallee and upper Wimmera?,What is the weather type of Mallee and upper Wimmera? The Mallee and upper Wimmera are Victoria's warmest regions with hot winds blowing from nearby semi-deserts. Average temperatures exceed 32 °C (90 °F) during summer and 15 °C (59 °F) in winter. Except,warmest regions,QA_ANSWER
squad_66,What is the unproven assumption generally ascribed to the value of complexity classes?,"What is the unproven assumption generally ascribed to the value of complexity classes? Many known complexity classes are suspected to be unequal, but this has not been proved. For instance P ⊆ NP ⊆ PP ⊆ PSPACE, but it is possible that P = PSPACE. If P is not equal to NP, then P is not e",suspected to be unequal,QA_ANSWER
squad_67,Who mapped the Alta Vista Tract?,Who mapped the Alta Vista Tract? Homes from the early 20th century line this boulevard in the heart of the historic Alta Vista Tract. The section of Huntington Boulevard between First Street on the west to Cedar Avenue on the east is,William Stranahan,QA_ANSWER
squad_68,In what state is the largest Huguenot Society located?,"In what state is the largest Huguenot Society located? Paul Revere was descended from Huguenot refugees, as was Henry Laurens, who signed the Articles of Confederation for South Carolina; Jack Jouett, who made the ride from Cuckoo Tavern to warn Thomas Je",Texas,QA_ANSWER
squad_69,What is the name of the Bungie Inc. founder who is also a university graduate?,"What is the name of the Bungie Inc. founder who is also a university graduate? In the arts and entertainment, minimalist composer Philip Glass, dancer, choreographer and leader in the field of dance anthropology Katherine Dunham, Bungie founder and developer of the Halo video ga",Alex Seropian,QA_ANSWER
squad_70,How many divisions make up the academics of the university?,How many divisions make up the academics of the university? The College of the University of Chicago grants Bachelor of Arts and Bachelor of Science degrees in 50 academic majors and 28 minors. The college's academics are divided into five divisions: the Biolo,five,QA_ANSWER
squad_71,In which region tribe were large settlements discovered?,"In which region tribe were large settlements discovered? Terra preta (black earth), which is distributed over large areas in the Amazon forest, is now widely accepted as a product of indigenous soil management. The development of this fertile soil allowed a",Xingu tribe,QA_ANSWER
squad_72,What did electromagnetic theory  finally lead to?,"What did electromagnetic theory  finally lead to? However, attempting to reconcile electromagnetic theory with two observations, the photoelectric effect, and the nonexistence of the ultraviolet catastrophe, proved troublesome. Through the work of le",quantum electrodynamics,QA_ANSWER
squad_73,What other topics can Civil disobedience pertain to?,"What other topics can Civil disobedience pertain to? Non-revolutionary civil disobedience is a simple disobedience of laws on the grounds that they are judged ""wrong"" by an individual conscience, or as part of an effort to render certain laws ineffectiv","cultural traditions, social customs, religious beliefs",QA_ANSWER
squad_74,Having existing utility lines marked lessens the likelihood of what?,"Having existing utility lines marked lessens the likelihood of what? Before the foundation can be dug, contractors are typically required to verify and have existing utility lines marked, either by the utilities themselves or through a company specializing in such serv",damage,QA_ANSWER
squad_75,What are the two major subsystems of the immune system?,"What are the two major subsystems of the immune system? The immune system is a system of many biological structures and processes within an organism that protects against disease. To function properly, an immune system must detect a wide variety of agents,",innate immune system versus the adaptive immune system,QA_ANSWER
squad_76,Who fought in the great Northern war?,"Who fought in the great Northern war? In the first half of the 17th century, a plague claimed some 1.7 million victims in Italy, or about 14% of the population. In 1656, the plague killed about half of Naples' 300,000 inhabitants. More th",Sweden v. Russia and allies,QA_ANSWER
squad_77,Where was Friedrich Ratzel born?,Where was Friedrich Ratzel born? The Royal Geographical Society of London and other geographical societies in Europe had great influence and were able to fund travelers who would come back with tales of their discoveries. These socie,Germany,QA_ANSWER
squad_78,Who proved that air is necessary for combustion?,"Who proved that air is necessary for combustion? In the late 17th century, Robert Boyle proved that air is necessary for combustion. English chemist John Mayow (1641–1679) refined this work by showing that fire requires only a part of air that he ca",Robert Boyle,QA_ANSWER
squad_79,Who is the third riches man in America?,"Who is the third riches man in America? In business, notable alumni include Microsoft CEO Satya Nadella, Oracle Corporation founder and the third richest man in America Larry Ellison, Goldman Sachs and MF Global CEO as well as former Govern",Larry Ellison,QA_ANSWER
squad_80,How far apart are some of the neighborhood's features?,"How far apart are some of the neighborhood's features? The neighborhood features restaurants, live theater and nightclubs, as well as several independent shops and bookstores, currently operating on or near Olive Avenue, and all within a few hundred feet ",all within a few hundred feet of each other,QA_ANSWER
squad_81,What do Cydippids use to capture their prey?,"What do Cydippids use to capture their prey? Almost all ctenophores are predators, taking prey ranging from microscopic larvae and rotifers to the adults of small crustaceans; the exceptions are juveniles of two species, which live as parasites ",colloblasts,QA_ANSWER
squad_82,How far does one pharmacy in Croatia date back to?,"How far does one pharmacy in Croatia date back to? In Europe there are old pharmacies still operating in Dubrovnik, Croatia, located inside the Franciscan monastery, opened in 1317; and in the Town Hall Square of Tallinn, Estonia, dating from at least",1317,QA_ANSWER
squad_83,What is the name of the supposition that there are infinite pairs of primes whose difference is 2?,"What is the name of the supposition that there are infinite pairs of primes whose difference is 2? Many questions regarding prime numbers remain open, such as Goldbach's conjecture (that every even integer greater than 2 can be expressed as the sum of two primes), and the twin prime conjecture (tha",the twin prime conjecture,QA_ANSWER
squad_84,What school was Walter Camp a captain for the football team?,"What school was Walter Camp a captain for the football team? Harvard's athletic rivalry with Yale is intense in every sport in which they meet, coming to a climax each fall in the annual football meeting, which dates back to 1875 and is usually called simply ""T",former captain of the Yale football team,QA_ANSWER
squad_85,What are the most active parts of ctenophora?,"What are the most active parts of ctenophora? The internal cavity forms: a mouth that can usually be closed by muscles; a pharynx (""throat""); a wider area in the center that acts as a stomach; and a system of internal canals. These branch through",the mouth and pharynx;,QA_ANSWER
squad_86,How is oxygen produced from carbon dioxide on the other planets of the solar system?,"How is oxygen produced from carbon dioxide on the other planets of the solar system? Oxygen is the most abundant chemical element by mass in the Earth's biosphere, air, sea and land. Oxygen is the third most abundant chemical element in the universe, after hydrogen and helium. About 0",ultraviolet radiation,QA_ANSWER
squad_87,What does pharmacy legislation mandate?,"What does pharmacy legislation mandate? In most countries, the dispensary is subject to pharmacy legislation; with requirements for storage conditions, compulsory texts, equipment, etc., specified in legislation. Where it was once the case ","storage conditions, compulsory texts, equipment, etc.",QA_ANSWER
squad_88,When is Sky going to introduce UHD broadcasts?,"When is Sky going to introduce UHD broadcasts? On 18 November 2015, Sky announced Sky Q, a range of products and services to be available in 2016. The Sky Q range consists of three set top boxes (Sky Q, Sky Q Silver and Sky Q Mini), a broadband ro",2016,QA_ANSWER
squad_89,How many scalar equations were formed into a set by James Maxwell?,"How many scalar equations were formed into a set by James Maxwell? The origin of electric and magnetic fields would not be fully explained until 1864 when James Clerk Maxwell unified a number of earlier theories into a set of 20 scalar equations, which were later ref",20,QA_ANSWER
squad_90,What does BSkyB's sport portfolio include?,"What does BSkyB's sport portfolio include? On 8 February 2007, BSkyB announced its intention to replace its three free-to-air digital terrestrial channels with four subscription channels. It was proposed that these channels would offer a range",English Premier League Football,QA_ANSWER
squad_91,What was the occupation of Joseph Priestley?,"What was the occupation of Joseph Priestley? In the meantime, on August 1, 1774, an experiment conducted by the British clergyman Joseph Priestley focused sunlight on mercuric oxide (HgO) inside a glass tube, which liberated a gas he named ""deph",clergyman,QA_ANSWER
squad_92,What type of outcomes can even stable markets lead to?,"What type of outcomes can even stable markets lead to? In a purely capitalist mode of production (i.e. where professional and labor organizations cannot limit the number of workers) the workers wages will not be controlled by these organizations, or by th",unfair,QA_ANSWER
squad_93,What is tuition for 2012 - 13 year at Harvard? ,"What is tuition for 2012 - 13 year at Harvard?  For the 2012–13 school year annual tuition was $38,000, with a total cost of attendance of $57,000. Beginning 2007, families with incomes below $60,000 pay nothing for their children to attend, includ","$38,000",QA_ANSWER
squad_94,What stature did pharmacists have in the pre-Heian Imperial court?,"What stature did pharmacists have in the pre-Heian Imperial court? In Japan, at the end of the Asuka period (538–710) and the early Nara period (710–794), the men who fulfilled roles similar to those of modern pharmacists were highly respected. The place of pharmacis",status superior to all others in health-related fields such as physicians and acupuncturists,QA_ANSWER
squad_95,What does the First Company Law Directive article 11 require?,"What does the First Company Law Directive article 11 require? Fourth, national courts have a duty to interpret domestic law ""as far as possible in the light of the wording and purpose of the directive"". Textbooks (though not the Court itself) often called this """,incorporations would only be nullified for a fixed list of reasons,QA_ANSWER
squad_96,what was the name of the other HD channel Virgin media could carry in the future?,"what was the name of the other HD channel Virgin media could carry in the future? Virgin Media (re-branded in 2007 from NTL:Telewest) started to offer a high-definition television (HDTV) capable set top box, although from 30 November 2006 until 30 July 2009 it only carried one line",Channel 4 HD,QA_ANSWER
squad_97,How many households had BSkyB service in 1994?,"How many households had BSkyB service in 1994? The service started on 1 September 1993 based on the idea from the then chief executive officer, Sam Chisholm and Rupert Murdoch, of converting the company business strategy to an entirely fee-based c",3.5 million,QA_ANSWER
squad_98,Which month is the first in the year Parliament takes a two week vacation?,"Which month is the first in the year Parliament takes a two week vacation? Parliament typically sits Tuesdays, Wednesdays and Thursdays from early January to late June and from early September to mid December, with two-week recesses in April and October. Plenary meetings in ",April,QA_ANSWER
squad_99,What term do Islamists think should be applied to them?,"What term do Islamists think should be applied to them? Islamists have asked the question, ""If Islam is a way of life, how can we say that those who want to live by its principles in legal, social, political, economic, and political spheres of life are not",Muslims,QA_ANSWER
squad_100,Who concluded that the rising income inequality gap was not getting better?,"Who concluded that the rising income inequality gap was not getting better? In 2014, economists with the Standard & Poor's rating agency concluded that the widening disparity between the U.S.'s wealthiest citizens and the rest of the nation had slowed its recovery from the 20",Standard & Poor,QA_ANSWER
squad_101,Cydippids combs are controlled by what?,"Cydippids combs are controlled by what? Lobates have eight comb-rows, originating at the aboral pole and usually not extending beyond the body to the lobes; in species with (four) auricles, the cilia edging the auricles are extensions of ci",water disturbances created by the cilia,QA_ANSWER
squad_102,How did Celeron feel about Native relations?,"How did Celeron feel about Native relations? In his extensively detailed report, Céloron wrote, ""All I can say is that the Natives of these localities are very badly disposed towards the French, and are entirely devoted to the English. I don't k","very badly disposed towards the French, and are entirely devoted to the English",QA_ANSWER
squad_103,"In a type III secretion system, proteins are transported to the host cell in order to do what?","In a type III secretion system, proteins are transported to the host cell in order to do what? The success of any pathogen depends on its ability to elude host immune responses. Therefore, pathogens evolved several methods that allow them to successfully infect a host, while evading detection o",shut down host defenses,QA_ANSWER
squad_104,What has a classification system for construction companies?,What has a classification system for construction companies? The Standard Industrial Classification and the newer North American Industry Classification System have a classification system for companies that perform or otherwise engage in construction. To recog,The Standard Industrial Classification and the newer North American Industry Classification System,QA_ANSWER
squad_105,How many square kilometers is the Amazon Basin?,"How many square kilometers is the Amazon Basin? The Amazon rainforest (Portuguese: Floresta Amazônica or Amazônia; Spanish: Selva Amazónica, Amazonía or usually Amazonia; French: Forêt amazonienne; Dutch: Amazoneregenwoud), also known in English as","7,000,000 square kilometres (2,70",QA_ANSWER
squad_106,What did Houghton say is necessary for any changes to the SPM?,"What did Houghton say is necessary for any changes to the SPM? IPCC author Richard Lindzen has made a number of criticisms of the TAR. Among his criticisms, Lindzen has stated that the WGI Summary for Policymakers (SPM) does not faithfully summarize the full WGI ",scientific evidence,QA_ANSWER
squad_107,Who killed Harold II? ,"Who killed Harold II?  In 1066, Duke William II of Normandy conquered England killing King Harold II at the Battle of Hastings. The invading Normans and their descendants replaced the Anglo-Saxons as the ruling class of Eng",William II,QA_ANSWER
squad_108,In which two codes were the roles of pharmacists codified?,"In which two codes were the roles of pharmacists codified? In Japan, at the end of the Asuka period (538–710) and the early Nara period (710–794), the men who fulfilled roles similar to those of modern pharmacists were highly respected. The place of pharmacis",the Taihō Code (701) and re-stated in the Yōrō Code (718),QA_ANSWER
squad_109,When was the scale to measure the Rhine introduced? ,"When was the scale to measure the Rhine introduced?  The length of the Rhine is conventionally measured in ""Rhine-kilometers"" (Rheinkilometer), a scale introduced in 1939 which runs from the Old Rhine Bridge at Constance (0 km) to Hoek van Holland (1036",1939,QA_ANSWER
squad_110,What happens after the lead melts?,"What happens after the lead melts? Lead fusible plugs may be present in the crown of the boiler's firebox. If the water level drops, such that the temperature of the firebox crown increases significantly, the lead melts and the steam e",steam escapes,QA_ANSWER
squad_111,What Egyptian president jailed thousands of members of the Brotherhood?,"What Egyptian president jailed thousands of members of the Brotherhood? Some elements of the Brotherhood, though perhaps against orders, did engage in violence against the government, and its founder Al-Banna was assassinated in 1949 in retaliation for the assassination o",Gamal Abdul Nasser,QA_ANSWER
squad_112,Why might rats not be responsible for the plague?,"Why might rats not be responsible for the plague? In addition to arguing that the rat population was insufficient to account for a bubonic plague pandemic, sceptics of the bubonic plague theory point out that the symptoms of the Black Death are not u",the rat population was insufficient,QA_ANSWER
squad_113,What does the minister who was the catalyst of the Members Business do by speaking after everyone else?,"What does the minister who was the catalyst of the Members Business do by speaking after everyone else? Immediately after Decision Time a ""Members Debate"" is held, which lasts for 45 minutes. Members Business is a debate on a motion proposed by an MSP who is not a Scottish minister. Such motions are on ",winds up,QA_ANSWER
squad_114,What legitimate dynasty came after the Yuan?,"What legitimate dynasty came after the Yuan? The Yuan dynasty was the first time that non-native Chinese people ruled all of China. In the historiography of Mongolia, it is generally considered to be the continuation of the Mongol Empire. Mongol",Ming,QA_ANSWER
squad_115,Who ordered Loudoun to attack Louisbourg?,"Who ordered Loudoun to attack Louisbourg? Loudoun, a capable administrator but a cautious field commander, planned one major operation for 1757: an attack on New France's capital, Quebec. Leaving a sizable force at Fort William Henry to distr",William Pitt,QA_ANSWER
squad_116,Rock units become thicker and shorten when placed under this type of compression. ,"Rock units become thicker and shorten when placed under this type of compression.  When rock units are placed under horizontal compression, they shorten and become thicker. Because rock units, other than muds, do not significantly change in volume, this is accomplished in two primar",horizontal compression,QA_ANSWER
squad_117,Who had no real military power during the Yuan?,"Who had no real military power during the Yuan? While the existence of these central government departments and the Six Ministries (which had been introduced since the Sui and Tang dynasties) gave a Sinicized image in the Yuan administration, the a",the Ministry of War,QA_ANSWER
squad_118,What is it called when there is an active attempt to overthrow a government or belief system?,"What is it called when there is an active attempt to overthrow a government or belief system? Non-revolutionary civil disobedience is a simple disobedience of laws on the grounds that they are judged ""wrong"" by an individual conscience, or as part of an effort to render certain laws ineffectiv",Revolutionary civil disobedience,QA_ANSWER
squad_119,Who discovered pottery found on Black Hammock Island?,"Who discovered pottery found on Black Hammock Island? The area of the modern city of Jacksonville has been inhabited for thousands of years. On Black Hammock Island in the national Timucuan Ecological and Historic Preserve, a University of North Florida ",a University of North Florida team,QA_ANSWER
squad_120,What denomination is associated with Saint Kentigern College?,"What denomination is associated with Saint Kentigern College? Private schools are often Anglican, such as King's College and Diocesan School for Girls in Auckland, St Paul's Collegiate School in Hamilton, St Peter's School in Cambridge, Samuel Marsden Collegiate",Presbyterian,QA_ANSWER
squad_121,What term is shorthand for antibody generators?,"What term is shorthand for antibody generators? Both innate and adaptive immunity depend on the ability of the immune system to distinguish between self and non-self molecules. In immunology, self molecules are those components of an organism's bod",antigens,QA_ANSWER
squad_122,Secular Arab nationalism was blamed for both the defeat of Arab troops as well as what type of stagnation?,Secular Arab nationalism was blamed for both the defeat of Arab troops as well as what type of stagnation? The quick and decisive defeat of the Arab troops during the Six-Day War by Israeli troops constituted a pivotal event in the Arab Muslim world. The defeat along with economic stagnation in the defeate,economic,QA_ANSWER
squad_123,What present day county is New Rochelle in?,"What present day county is New Rochelle in? New Rochelle, located in the county of Westchester on the north shore of Long Island Sound, seemed to be the great location of the Huguenots in New York. It is said that they landed on the coastline p",Westchester,QA_ANSWER
squad_124,In what year did Warszowa become the official capital of the Masovian Duchy?,"In what year did Warszowa become the official capital of the Masovian Duchy? The first fortified settlements on the site of today's Warsaw were located in Bródno (9th/10th century) and Jazdów (12th/13th century). After Jazdów was raided by nearby clans and dukes, a new similar",1413,QA_ANSWER
squad_125,What was the pedestrian mall renamed?,"What was the pedestrian mall renamed? Fulton Street in Downtown Fresno was Fresno's main financial and commercial district before being converted into one of the nation's first pedestrian malls in 1964. Renamed the Fulton Mall, the area c",Fulton Mall,QA_ANSWER
squad_126,When did Zhu Shijie die?,When did Zhu Shijie die? Advances in polynomial algebra were made by mathematicians during the Yuan era. The mathematician Zhu Shijie (1249–1314) solved simultaneous equations with up to four unknowns using a rectangular arra,1314,QA_ANSWER
squad_127,What are the components of drug therapy?,"What are the components of drug therapy? The clinical pharmacist's role involves creating a comprehensive drug therapy plan for patient-specific problems, identifying goals of therapy, and reviewing all prescribed medications prior to dispen","drug choice, dose, route, frequency, and duration of therapy",QA_ANSWER
squad_128,Who started the Yuan dynasty?,"Who started the Yuan dynasty? The Yuan dynasty (Chinese: 元朝; pinyin: Yuán Cháo), officially the Great Yuan (Chinese: 大元; pinyin: Dà Yuán; Mongolian: Yehe Yuan Ulus[a]), was the empire or ruling dynasty of China established by Kubl",Kublai Khan,QA_ANSWER
squad_129,What issues do member states say the Court of Justice does not have the final say on?,"What issues do member states say the Court of Justice does not have the final say on? Generally speaking, while all member states recognise that EU law takes primacy over national law where this agreed in the Treaties, they do not accept that the Court of Justice has the final say on f",foundational constitutional questions affecting democracy and human rights,QA_ANSWER
squad_130,"While producing oxygen, what gas does a zeolite sieve absorb?","While producing oxygen, what gas does a zeolite sieve absorb? The other major method of producing O
2 gas involves passing a stream of clean, dry air through one bed of a pair of identical zeolite molecular sieves, which absorbs the nitrogen and delivers a gas s",nitrogen,QA_ANSWER
squad_131,When did Menich serve as President?,"When did Menich serve as President? The mayor of Warsaw is called President. Generally, in Poland, the mayors of bigger cities are called presidents – i.e. such cities, which have over 100,000 people or these, where already was presiden",1695–1696,QA_ANSWER
squad_132,What do clinical pharmacists specialize in?,"What do clinical pharmacists specialize in? Because of the complexity of medications including specific indications, effectiveness of treatment regimens, safety of medications (i.e., drug interactions) and patient compliance issues (in the hosp",various disciplines of pharmacy,QA_ANSWER
squad_133,Who was made Governor of Samarqand?,"Who was made Governor of Samarqand? At the same time the Mongols imported Central Asian Muslims to serve as administrators in China, the Mongols also sent Han Chinese and Khitans from China to serve as administrators over the Muslim pop",a Qara-Khitay (Khitan,QA_ANSWER
squad_134,Is the output of a functional problem typically characterized by a simple or complex answer?,"Is the output of a functional problem typically characterized by a simple or complex answer? A function problem is a computational problem where a single output (of a total function) is expected for every input, but the output is more complex than that of a decision problem, that is, it isn't",complex,QA_ANSWER
squad_135,"During glacial times, where was the mouth of the Rhine located?","During glacial times, where was the mouth of the Rhine located? Around 2.5 million years ago (ending 11,600 years ago) was the geological period of the Ice Ages. Since approximately 600,000 years ago, six major Ice Ages have occurred, in which sea level dropped 12",Brest,QA_ANSWER
squad_136,In what year did the Amazon experience a drought that may have been more extreme than in 2005?,"In what year did the Amazon experience a drought that may have been more extreme than in 2005? In 2010 the Amazon rainforest experienced another severe drought, in some ways more extreme than the 2005 drought. The affected region was approximate 1,160,000 square miles (3,000,000 km2) of rainfor",2010,QA_ANSWER
squad_137,"If q=9 and a=3,6 or 9, how many primes would be in the progression?","If q=9 and a=3,6 or 9, how many primes would be in the progression? can have infinitely many primes only when a and q are coprime, i.e., their greatest common divisor is one. If this necessary condition is satisfied, Dirichlet's theorem on arithmetic progressions asse",at most one prime number,QA_ANSWER
squad_138,King Sigimund's Column is an example of what kind of attraction in Warsaw?,"King Sigimund's Column is an example of what kind of attraction in Warsaw? The city is the seat of a Roman Catholic archdiocese (left bank of the Vistula) and diocese (right bank), and possesses various universities, most notably the Polish Academy of Sciences and the Univer",architectural,QA_ANSWER
squad_139,What is the average width of the Rhine?,"What is the average width of the Rhine? The Rhine is the longest river in Germany. It is here that the Rhine encounters some more of its main tributaries, such as the Neckar, the Main and, later, the Moselle, which contributes an average di","400 m (1,300 ft).",QA_ANSWER
squad_140,On what date did the first railway trip in the world occur?,"On what date did the first railway trip in the world occur? The first full-scale working railway steam locomotive was built by Richard Trevithick in the United Kingdom and, on 21 February 1804, the world's first railway journey took place as Trevithick's unnam",21 February 1804,QA_ANSWER
squad_141,What is the lower canal regulation of the Rhine?,"What is the lower canal regulation of the Rhine? A regulation of the Rhine was called for, with an upper canal near Diepoldsau and a lower canal at Fußach, in order to counteract the constant flooding and strong sedimentation in the western Rhine De",Fußach,QA_ANSWER
squad_142,What causes Pauli repulsion?,"What causes Pauli repulsion? The normal force is due to repulsive forces of interaction between atoms at close contact. When their electron clouds overlap, Pauli repulsion (due to fermionic nature of electrons) follows resulting ",fermionic nature of electrons,QA_ANSWER
squad_143,What was the Chinese name for the Central Secretariat?,"What was the Chinese name for the Central Secretariat? The Central Region, consisting of present-day Hebei, Shandong, Shanxi, the south-eastern part of present-day Inner Mongolia and the Henan areas to the north of the Yellow River, was considered the mos",Zhongshu Sheng,QA_ANSWER
squad_144,What are the three construction subsectors?,What are the three construction subsectors? The Standard Industrial Classification and the newer North American Industry Classification System have a classification system for companies that perform or otherwise engage in construction. To recog,"building construction, heavy and civil engineering construction, and specialty trade contractors",QA_ANSWER
squad_145,The price of oil is usually a stable commodity until when?,"The price of oil is usually a stable commodity until when? This contributed to the ""Oil Shock"". After 1971, OPEC was slow to readjust prices to reflect this depreciation. From 1947 to 1967, the dollar price of oil had risen by less than two percent per year. ",Until the oil shock,QA_ANSWER
squad_146,What was the Chinese name of Gou's calendar?,What was the Chinese name of Gou's calendar? Guo Shoujing applied mathematics to the construction of calendars. He was one of the first mathematicians in China to work on spherical trigonometry. Gou derived a cubic interpolation formula for his ,Shoushi Li,QA_ANSWER
squad_147,Who stated a change of the length of the Rhine?,"Who stated a change of the length of the Rhine? Until 1932 the generally accepted length of the Rhine was 1,230 kilometres (764 miles). In 1932 the German encyclopedia Knaurs Lexikon stated the length as 1,320 kilometres (820 miles), presumably a t",Knaurs Lexikon,QA_ANSWER
squad_148,What naval battles did France lose in 1759?,"What naval battles did France lose in 1759? In the aftermath of generally poor French results in most theaters of the Seven Years' War in 1758, France's new foreign minister, the duc de Choiseul, decided to focus on an invasion of Britain, to d",Lagos and Quiberon Bay.,QA_ANSWER
squad_149,Where do scientists think all of the plagues originated from?,"Where do scientists think all of the plagues originated from? The plague disease, caused by Yersinia pestis, is enzootic (commonly present) in populations of fleas carried by ground rodents, including marmots, in various areas including Central Asia, Kurdistan, ",China,QA_ANSWER
squad_150,What is the name of the TV scrambling system BSkyB uses?,"What is the name of the TV scrambling system BSkyB uses? BSkyB utilises the VideoGuard pay-TV scrambling system owned by NDS, a Cisco Systems company. There are tight controls over use of VideoGuard decoders; they are not available as stand-alone DVB CAMs (",VideoGuard,QA_ANSWER
squad_151,How many full time teachers does Victoria have?,"How many full time teachers does Victoria have? As of August 2010, Victoria had 1,548 public schools, 489 Catholic schools and 214 independent schools. Just under 540,800 students were enrolled in public schools, and just over 311,800 in private sc","63,519",QA_ANSWER
squad_152,What was Old Briton's response to Celeron?,"What was Old Briton's response to Celeron? When Céloron's expedition arrived at Logstown, the Native Americans in the area informed Céloron that they owned the Ohio Country and that they would trade with the British regardless of the French. C",ignored the warning.,QA_ANSWER
squad_153,"According to reduction, if X and Y can be solved by the same algorithm then X performs what function in relationship to Y?","According to reduction, if X and Y can be solved by the same algorithm then X performs what function in relationship to Y? Many complexity classes are defined using the concept of a reduction. A reduction is a transformation of one problem into another problem. It captures the informal notion of a problem being at least a",reduces,QA_ANSWER
squad_154,On what theorem is the formula that frequently generates the number 2 and all other primes precisely once based on?,"On what theorem is the formula that frequently generates the number 2 and all other primes precisely once based on? are prime for any natural number n. Here  represents the floor function, i.e., largest integer not greater than the number in question. The latter formula can be shown using Bertrand's postulate (prov",Wilson's theorem,QA_ANSWER
squad_155,How much percentage of Victoria's land is taken up by farms?,"How much percentage of Victoria's land is taken up by farms? During 2003–04, the gross value of Victorian agricultural production increased by 17% to $8.7 billion. This represented 24% of national agricultural production total gross value. As of 2004, an estima",60%,QA_ANSWER
squad_156,What did the Zuider Zee brackish lagoon change into?,"What did the Zuider Zee brackish lagoon change into? At present, the branches Waal and Nederrijn-Lek discharge to the North Sea, through the former Meuse estuary, near Rotterdam. The river IJssel branch flows to the north and enters the IJsselmeer, form",freshwater lake,QA_ANSWER
squad_157,What is preserved in a closed system of forces when acted upon?,"What is preserved in a closed system of forces when acted upon? A conservative force that acts on a closed system has an associated mechanical work that allows energy to convert only between kinetic or potential forms. This means that for a closed system, the net ",net mechanical energy,QA_ANSWER
squad_158,How many members can voters choose to represent the constituency? ,"How many members can voters choose to represent the constituency?  Of the 129 MSPs, 73 are elected to represent first past the post constituencies and are known as ""Constituency MSPs"". Voters choose one member to represent the constituency, and the member with most v",one,QA_ANSWER
squad_159,What are private schools that charge no tuition called?,"What are private schools that charge no tuition called? In the United Kingdom and several other Commonwealth countries including Australia and Canada, the use of the term is generally restricted to primary and secondary educational levels; it is almost nev",'tuition-free,QA_ANSWER
squad_160,What happened with the rate of flow in the Rhine with the straightening program?,What happened with the rate of flow in the Rhine with the straightening program? The Upper Rhine region was changed significantly by a Rhine straightening program in the 19th Century. The rate of flow was increased and the ground water level fell significantly. Dead branches dried,increased,QA_ANSWER
squad_161,There are direct contractual links between who?,"There are direct contractual links between who? This is the most common method of construction procurement and is well established and recognized. In this arrangement, the architect or engineer acts as the project coordinator. His or her role is to",the architect's client and the main contractor,QA_ANSWER
squad_162,"Other than the Ijssel, where does the water from the Pannerdens Kanaal redsitrubute?","Other than the Ijssel, where does the water from the Pannerdens Kanaal redsitrubute? The other third of the water flows through the Pannerdens Kanaal and redistributes in the IJssel and Nederrijn. The IJssel branch carries one ninth of the water flow of the Rhine north into the IJssel",Nederrijn,QA_ANSWER
squad_163,What type of civil disobedience is commonly accepted?,What type of civil disobedience is commonly accepted? There have been debates as to whether civil disobedience must necessarily be non-violent. Black's Law Dictionary includes non-violence in its definition of civil disobedience. Christian Bay's encyclop,non-violent,QA_ANSWER
squad_164,When was he elected by Nixon?,"When was he elected by Nixon? In 1973, Nixon named William E. Simon as the first Administrator of the Federal Energy Office, a short-term organization created to coordinate the response to the embargo. Simon allocated states the s",In 1973,QA_ANSWER
squad_165,What is Warsaw's economy characterized by?,What is Warsaw's economy characterized by? In 2012 the Economist Intelligence Unit ranked Warsaw as the 32nd most liveable city in the world. It was also ranked as one of the most liveable cities in Central Europe. Today Warsaw is considered a,wide variety of industries,QA_ANSWER
squad_166,What was the name of the stadium that the teams played in?,"What was the name of the stadium that the teams played in? From 2005 to 2014, there were two Major League Soccer teams in Los Angeles - the LA Galaxy and Chivas USA - that both played at the StubHub Center and were local rivals. However, Chivas were suspended",StubHub Center,QA_ANSWER
squad_167,"In China, this person inferred that the land was formed by erosion of the mountains and by silt deposition, what was his name?","In China, this person inferred that the land was formed by erosion of the mountains and by silt deposition, what was his name? Some modern scholars, such as Fielding H. Garrison, are of the opinion that the origin of the science of geology can be traced to Persia after the Muslim conquests had come to an end. Abu al-Rayhan al",Shen Kuo,QA_ANSWER
squad_168,Who formed the universal theory of gravitation?,"Who formed the universal theory of gravitation? The development of fundamental theories for forces proceeded along the lines of unification of disparate ideas. For example, Isaac Newton unified the force responsible for objects falling at the surfa",Isaac Newton,QA_ANSWER
squad_169,"In order to be considered in the top percentile, a person would need to amass how much money each year?","In order to be considered in the top percentile, a person would need to amass how much money each year? A study by the World Institute for Development Economics Research at United Nations University reports that the richest 1% of adults alone owned 40% of global assets in the year 2000. The three riches","$759,900",QA_ANSWER
squad_170,What entities are included in the federal health care system?,"What entities are included in the federal health care system? In the U.S. federal health care system (including the VA, the Indian Health Service, and NIH) ambulatory care pharmacists are given full independent prescribing authority. In some states such North Ca","the VA, the Indian Health Service, and NIH",QA_ANSWER
squad_171,What was a similar view about the Asian continent called?,"What was a similar view about the Asian continent called? According to geographic scholars under colonizing empires, the world could be split into climatic zones. These scholars believed that Northern Europe and the Mid-Atlantic temperate climate produced a ",orientalism,QA_ANSWER
squad_172,Setting speed limits was one of the further devolutions which was conferred by what act?,Setting speed limits was one of the further devolutions which was conferred by what act? The specific devolved matters are all subjects which are not explicitly stated in Schedule 5 to the Scotland Act as reserved matters. All matters that are not specifically reserved are automatically d,2012 Act,QA_ANSWER
squad_173,What kind of force does not exist under Newton's third law?,What kind of force does not exist under Newton's third law? Newton's Third Law is a result of applying symmetry to situations where forces can be attributed to the presence of different objects. The third law means that all forces are interactions between diff,unidirectional,QA_ANSWER
squad_174,What issue has been plaguing the civil disobedience movement.,"What issue has been plaguing the civil disobedience movement. It has been argued that the term ""civil disobedience"" has always suffered from ambiguity and in modern times, become utterly debased. Marshall Cohen notes, ""It has been used to describe everything fro",ambiguity,QA_ANSWER
squad_175,What is the other country the Rhine separates Switzerland to? ,"What is the other country the Rhine separates Switzerland to?  Near Tamins-Reichenau the Anterior Rhine and the Posterior Rhine join and form the Rhine. The river makes a distinctive turn to the north near Chur. This section is nearly 86 km long, and descends fro",Austria,QA_ANSWER
squad_176,"Other than the San Diego metropolitan area, what other area are the communities along Interstates 15 and 215 connected with?","Other than the San Diego metropolitan area, what other area are the communities along Interstates 15 and 215 connected with? Traveling south on Interstate 5, the main gap to continued urbanization is Camp Pendleton. The cities and communities along Interstate 15 and Interstate 215 are so inter-related that Temecula and Murr",Inland Empire,QA_ANSWER
squad_177,What impact does higher worker productivity and leveled pay have on higher earners?,"What impact does higher worker productivity and leveled pay have on higher earners? In Marxian analysis, capitalist firms increasingly substitute capital equipment for labor inputs (workers) under competitive pressure to reduce costs and maximize profits. Over the long-term, this tre",rising levels of property income,QA_ANSWER
squad_178,For how long did Huguenots continue to use French names?,For how long did Huguenots continue to use French names? Most of the Huguenot congregations (or individuals) in North America eventually affiliated with other Protestant denominations with more numerous members. The Huguenots adapted quickly and often marri,into the nineteenth century,QA_ANSWER
squad_179,High pressure steam engines were small enough that they could be used in what application?,"High pressure steam engines were small enough that they could be used in what application? Around 1800 Richard Trevithick and, separately, Oliver Evans in 1801 introduced engines using high-pressure steam; Trevithick obtained his high-pressure engine patent in 1802. These were much more pow",transport,QA_ANSWER
squad_180,Which areas were least vulnerable to disease?,"Which areas were least vulnerable to disease? The most widely accepted estimate for the Middle East, including Iraq, Iran and Syria, during this time, is for a death rate of about a third. The Black Death killed about 40% of Egypt's population. H",most isolated areas,QA_ANSWER
squad_181,What type of treatment are pharmacists important for?,What type of treatment are pharmacists important for? Pharmacists are healthcare professionals with specialised education and training who perform various roles to ensure optimal health outcomes for their patients through the quality use of medicines. Ph,optimisation of a drug treatment for an individual,QA_ANSWER
squad_182,Where in South Carolina did Huguenot nobility settle?,"Where in South Carolina did Huguenot nobility settle? In the early years, many Huguenots also settled in the area of present-day Charleston, South Carolina. In 1685, Rev. Elie Prioleau from the town of Pons in France, was among the first to settle there.",the Charleston Orange district,QA_ANSWER
squad_183,"What is the complex ""two-signal"" activation of T cells referred to?","What is the complex ""two-signal"" activation of T cells referred to? In the mid-1950s, Frank Burnet, inspired by a suggestion made by Niels Jerne, formulated the clonal selection theory (CST) of immunity. On the basis of CST, Burnet developed a theory of how an immune ",histocompatibility,QA_ANSWER
squad_184,What anthropologists are also university alumni members?,"What anthropologists are also university alumni members? Other prominent alumni include anthropologists David Graeber and Donald Johanson, who is best known for discovering the fossil of a female hominid australopithecine known as ""Lucy"" in the Afar Triangl",David Graeber and Donald Johanson,QA_ANSWER
squad_185,Where do juvenile platyctenids live?,"Where do juvenile platyctenids live? Development of the fertilized eggs is direct, in other words there is no distinctive larval form, and juveniles of all groups generally resemble miniature cydippid adults. In the genus Beroe the juven",among the plankton,QA_ANSWER
squad_186,How many research centers does the university run on campus?,How many research centers does the university run on campus? The university operates 12 research institutes and 113 research centers on campus. Among these are the Oriental Institute-a museum and research center for Near Eastern studies owned and operated by th,113,QA_ANSWER
squad_187,MHC antigens on normal body cells are recognized by what receptor on NK cells?,"MHC antigens on normal body cells are recognized by what receptor on NK cells? Natural killer cells, or NK cells, are a component of the innate immune system which does not directly attack invading microbes. Rather, NK cells destroy compromised host cells, such as tumor cells or",killer cell immunoglobulin receptors (KIR,QA_ANSWER
squad_188,How much Saharan dust remains in the air over the Amazon each year?,"How much Saharan dust remains in the air over the Amazon each year? NASA's CALIPSO satellite has measured the amount of dust transported by wind from the Sahara to the Amazon: an average 182 million tons of dust are windblown out of the Sahara each year, at 15 degrees",132 million tons,QA_ANSWER
squad_189,"Besides constant flooding, why else was there regulation of the Rhine?","Besides constant flooding, why else was there regulation of the Rhine? A regulation of the Rhine was called for, with an upper canal near Diepoldsau and a lower canal at Fußach, in order to counteract the constant flooding and strong sedimentation in the western Rhine De",strong sedimentation,QA_ANSWER
squad_190,What kinds of trees is Kearney Boulevard lined with?,"What kinds of trees is Kearney Boulevard lined with? The neighborhood includes Kearney Boulevard, named after early 20th century entrepreneur and millionaire M. Theo Kearney, which extends from Fresno Street in Southwest Fresno about 20 mi (32 km) west ",tall palm trees,QA_ANSWER
squad_191,What conjecture holds that there is an infinite amount of twin primes?,"What conjecture holds that there is an infinite amount of twin primes? A third type of conjectures concerns aspects of the distribution of primes. It is conjectured that there are infinitely many twin primes, pairs of primes with difference 2 (twin prime conjecture). Pol",twin prime conjecture,QA_ANSWER
squad_192,WHat were features of Apple Talk ,WHat were features of Apple Talk  AppleTalk was a proprietary suite of networking protocols developed by Apple Inc. in 1985 for Apple Macintosh computers. It was the primary protocol used by Apple devices through the 1980s and 90s. Ap,that allowed local area networks to be established ad hoc without the requirement for a centralized router or server,QA_ANSWER
squad_193,What are committees in the Scottish Parliament compared to other systems?,"What are committees in the Scottish Parliament compared to other systems? Much of the work of the Scottish Parliament is done in committee. The role of committees is stronger in the Scottish Parliament than in other parliamentary systems, partly as a means of strengthening ",stronger,QA_ANSWER
squad_194,"Other than warships, what ships typically required high speeds?","Other than warships, what ships typically required high speeds? Land-based steam engines could exhaust much of their steam, as feed water was usually readily available. Prior to and during World War I, the expansion engine dominated marine applications where high ",ocean liners,QA_ANSWER
squad_195,What topic do private bills typically have?,What topic do private bills typically have? A further type of committee is normally set up to scrutinise private bills submitted to the Scottish Parliament by an outside party or promoter who is not a member of the Scottish Parliament or Scotti,large-scale development projects,QA_ANSWER
squad_196,"When extensive time is required to sort integers, this represents what case complexity?","When extensive time is required to sort integers, this represents what case complexity? For example, consider the deterministic sorting algorithm quicksort. This solves the problem of sorting a list of integers that is given as the input. The worst-case is when the input is sorted or sor",worst-case,QA_ANSWER
squad_197,What alumni is also the Governor of the Bank of Japan?,"What alumni is also the Governor of the Bank of Japan? Notable alumni in the field of government and politics include the founder of modern community organizing Saul Alinsky, Obama campaign advisor and top political advisor to President Bill Clinton David",Masaaki Shirakawa,QA_ANSWER
squad_198,A mermaid stopped to rest on the sandy beach by what village?,"A mermaid stopped to rest on the sandy beach by what village? The origin of the legendary figure is not fully known. The best-known legend, by Artur Oppman, is that long ago two of Triton's daughters set out on a journey through the depths of the oceans and seas",Warszowa,QA_ANSWER
squad_199,What was a non-religious reason for the massacre?,What was a non-religious reason for the massacre? The Catholic Church in France and many of its members opposed the Huguenots. Some Huguenot preachers and congregants were attacked as they attempted to meet for worship. The height of this persecution,some of the Huguenots were nobles trying to establish separate centers of power in southern France,QA_ANSWER
